name|url|src|freezeframe|noBtn
Angel's Landing|https://angelnetcast.com|angelnetcast.gif|true
AntiKrist|https://antikrist.lol|antikrist.png
arlita's internet page|https://arlita.neocities.org|arlita.gif
Artwork|https://artwork.neocities.org|artwork.gif|true
Astrale Stella & Co|https://astralestella.neocities.org|astralestella.png
Blink's Nest|https://blinkmakesart.neocities.org/|||true
Bytemoth's Brook|https://bytemoth.neocities.org|bytemoth.png
Captain's Undersea Blog|https://captdedeyes.com|captdedeyes.png
catso club|https://catso.club/|catso.gif|true
Cherie|https://cherie.nekoweb.org/|cherie.gif
Cinnamuff's Galaxy|https://cinnamuff.space|cinnamuff.png
Cloud Cover|https://cloudcover.neocities.org|cloudcover.png
Comfort's Bedroom|https://comfort.kayla.care|comfort.gif|true
Dannarchy|https://dannarchy.com|dannarchy.gif|true
daximus|https://daximus.neocities.org|daximus.gif|true
Dendrophalaen|https://dendrophalaen.neocities.org/|dendrophalaen.png|true
Des|https://des.neocities.org/|des.gif|true
Dizzy's Bunny Hell|https://doctordizzy.space|doctordizzy.gif|true
Dolly Cuddles|https://dollycuddles.neocities.org/|dollycuddles.gif|true
Domain of the Grubby Dog|https://your-local-grubdog.neocities.org/|your-local-grubdog.png
dusya ✿ dork|https://dusyadork.neocities.org/|||true
Flower in Binary|https://flowerinbinary.neocities.org|flowerinbinary.png
FoggyBear|https://foggybear42.net/|foggybear42.png
Friend Shaped Plant|https://friendshapedplant.neocities.org|friendshapedplant.png
Frills|https://frills.dev|frills.png
The Frugal Gamer|https://www.thefrugalgamer.net/|thefrugalgamer.png
Frog.net|https://frognet.neocities.org/home|frognet.gif|true
Gildedware|https://gildedware.net|gildedware.gif|true
Glamour Beast|https://glamourbeast.neocities.org|glamourbeast.png|true
The Human Finny|https://humanfinny.neocities.org|humanfinny.gif|true
Jade Everstone|https://jadeeverstone.com|jadeeverstone.png
jeith!|https://jeith.com|jeith.gif|true
Key's Klubhouse|https://keysklubhouse.com|keysklubhouse.png
Kozel|https://kozel.neocities.org|||true
SPAAAAAAAAAACE|https://kookoioi.neocities.org|kookoioi.png
kuroiOS|https://kuroi.com.br/|kuroios.png
L-Chan's Website|https://l-chan.neocities.org|l-chan.png
Lapis Label|https://lapislabel.net|lapislabel.png|true
Lazer Bunny's Website|https://lazer-bunny.neocities.org|lazer-bunny.gif|true
LHFM|https://lhfm.neocities.org|lhfm.png
Linwood|https://linwood.neocities.org|linwood.gif|true
lizardmandan|https://lizardmandan.neocities.org|lizardmandan.gif|true
Lockheart Love|https://lockheartlove.neocities.org|lockheartlove.png
Lost Letters|https://lostletters.neocities.org|lostletters.gif|true
Lugaw.gay|https://lugaw.gay|lugaw.png
MakoEnergy.com|https://makoenergy.neocities.org|makoenergy.png
The Moon Palace|https://mavisdeluna.art/|mavisdeluna.gif|true
My Blace|https://myblace.neocities.org|myblace.png
MystSaphyr|https://mystsaphyr.art|mystsaphyr.gif|true
Nathan's Space|https://nathanntan.neocities.org/|nathanntan.png
Nickle's Faves|https://nickle4apickle.neocities.org|nickle4apickle.gif
NomnomNami|https://nomnomnami.com|nomnomnami.gif|true
Nostalgic|https://nostalgic.neocities.org|nostalgic.gif
Orion-Overdrive|https://orion-overdrive.neocities.org/|orion-overdrive.png
PSSHAW|https://psshaw.neocities.org|psshaw.png
Piranhebula|https://piranhebula.neocities.org|piranhebula.gif|true
The Pixeliana|https://pixeliana.neocities.org|pixeliana.gif|true
PKLucky's Beachside Lounge|https://pklucky.neocities.org|pklucky.gif|true
PolychromeXD|https://polychromexd.neocities.org/|||true
Puruland|https://purupurple.neocities.org|purupurple.png
SNK PLAYMOAR|https://playmoar.neocities.org|playmoar.gif
QrunchySpace|https://qrunchy.space/|qrunchyspace.gif|true
Random Pixels|http://digistar.db-destiny.net/rpixels/|random-pixels.gif|true
RoseDryad|https://rosedryad.com/|rosedryad.gif|true
Sanguine Royal|https://sanguineroyal.neocities.org|sanguineroyal.gif|true
Seafare|https://seafare.neocities.org|seafare.png
SkyKristal|https://skykristal.art|skykristal.png
The Space Bar|https://space-bar.neocities.org|space-bar.gif|true
Strawberry Gashes|https://strawberry-gashes.neocities.org/|strawberry-gashes.gif
The Absolute Realm|https://theabsoluterealm.com|theabsoluterealm.gif
Themby|https://themby.neocities.org|themby.png
ValyceNegative.it|https://valycenegative.it|valycenegative.gif
THE WEBEVERSE|https://webeverse.neocities.org/|webeverse.png
whiona.me|https://whiona.me/|whiona.png
WiNGS.nu|https://wings.nu|wings.png
zero arms: grani|https://grani.nekoweb.org/|zeroarmsgrani.gif|true